[{"id":"user-image-618.png","fileName":"618.png","name":"618","publicUrl":"https://assets.nicepagecdn.com/22b363b7/6335153/images/618.png","size":1337,"hash":"9wnazvYM9Gv9BXkDJast8uiKg68=","width":128,"height":128,"folderId":null,"thumbnail":{"url":"https://assets.nicepagecdn.com/22b363b7/6335153/images/618.png","width":128,"height":128},"usages":["6335154"]},{"id":"user-image-2397.png","fileName":"2397.png","name":"2397","publicUrl":"https://assets.nicepagecdn.com/22b363b7/6335153/images/2397.png","size":1695,"hash":"pQCpU1k5a1xrhOuzgBTCZ4IwYzY=","width":128,"height":128,"folderId":null,"thumbnail":{"url":"https://assets.nicepagecdn.com/22b363b7/6335153/images/2397.png","width":128,"height":128},"usages":[]},{"id":"user-image-photo_2024-09-05_22-34-44.jpg","fileName":"photo_2024-09-05_22-34-44.jpg","name":"photo_2024-09-05_22-34-44","publicUrl":"https://assets.nicepagecdn.com/22b363b7/6335153/images/photo_2024-09-05_22-34-44.jpg","size":53637,"hash":"eht4YGYPSQX5Cp7H6PG+WMgK09o=","width":623,"height":1280,"folderId":null,"thumbnail":{"url":"https://assets.nicepagecdn.com/22b363b7/6335153/images/thumbnails/photo_2024-09-05_22-34-44.jpg","width":73,"height":150},"usages":["6335154"]},{"id":"user-image-photo_2024-09-05_22-34-36.jpg","fileName":"photo_2024-09-05_22-34-36.jpg","name":"photo_2024-09-05_22-34-36","publicUrl":"https://assets.nicepagecdn.com/22b363b7/6335153/images/photo_2024-09-05_22-34-36.jpg","size":99355,"hash":"lt+uAI4DmnbI/l5WSi44v0gsAsg=","width":623,"height":1280,"folderId":null,"thumbnail":{"url":"https://assets.nicepagecdn.com/22b363b7/6335153/images/thumbnails/photo_2024-09-05_22-34-36.jpg","width":73,"height":150},"usages":["6335154"]},{"id":"user-image-synthronizesample.jpg","fileName":"synthronizesample.jpg","name":"synthronizesample","publicUrl":"https://assets.nicepagecdn.com/22b363b7/6335153/images/synthronizesample.jpg","size":95410,"hash":"hpH1WQtQfkbiU1cStWYCYOuuz5k=","width":623,"height":1280,"folderId":null,"thumbnail":{"url":"https://assets.nicepagecdn.com/22b363b7/6335153/images/thumbnails/synthronizesample.jpg","width":73,"height":150},"usages":["6335154"]},{"id":"user-image-e48670af1795dcee7a6090b49e3caba0b795bdc74ad551d30b5a63abd7b04818daeea7b8c0f4b29ed59ae0caa72505936af33294e68de028ca469b_1280.jpg","fileName":"e48670af1795dcee7a6090b49e3caba0b795bdc74ad551d30b5a63abd7b04818daeea7b8c0f4b29ed59ae0caa72505936af33294e68de028ca469b_1280.jpg","name":"e48670af1795dcee7a6090b49e3caba0b795bdc74ad551d30b5a63abd7b04818daeea7b8c0f4b29ed59ae0caa72505936af33294e68de028ca469b_1280","publicUrl":"https://assets.nicepagecdn.com/22b363b7/6335153/images/e48670af1795dcee7a6090b49e3caba0b795bdc74ad551d30b5a63abd7b04818daeea7b8c0f4b29ed59ae0caa72505936af33294e68de028ca469b_1280.jpg","size":230149,"hash":"2HWv6PK20pLT+qoDv7/9SW3wLwc=","width":1280,"height":854,"folderId":null,"thumbnail":{"url":"https://assets.nicepagecdn.com/22b363b7/6335153/images/thumbnails/e48670af1795dcee7a6090b49e3caba0b795bdc74ad551d30b5a63abd7b04818daeea7b8c0f4b29ed59ae0caa72505936af33294e68de028ca469b_1280.jpg","width":150,"height":100},"usages":["6335154"]},{"id":"user-image-bg1.jfif","fileName":"bg1.jfif","name":"bg1","publicUrl":"https://assets.nicepagecdn.com/22b363b7/6335153/images/bg1.jfif","size":7103,"hash":"MoIa5/5DsQrB/2yeyH99f418s8o=","width":358,"height":185,"folderId":null,"thumbnail":{"url":"https://assets.nicepagecdn.com/22b363b7/6335153/images/thumbnails/bg1.jfif","width":150,"height":78},"usages":[]},{"id":"user-image-cert4.png","fileName":"cert4.png","name":"cert4","publicUrl":"https://assets.nicepagecdn.com/22b363b7/6335153/images/cert4.png","size":228974,"hash":"BnlVfGost5YxaedfKOpsCrfbQTE=","width":1009,"height":622,"folderId":null,"thumbnail":{"url":"https://assets.nicepagecdn.com/22b363b7/6335153/images/thumbnails/cert4.png","width":150,"height":92},"usages":["6335154"]},{"id":"user-image-cert2.png","fileName":"cert2.png","name":"cert2","publicUrl":"https://assets.nicepagecdn.com/22b363b7/6335153/images/cert2.png","size":518934,"hash":"vFpThpGNWuw+79adDo3EjVzkFF8=","width":871,"height":625,"folderId":null,"thumbnail":{"url":"https://assets.nicepagecdn.com/22b363b7/6335153/images/thumbnails/cert2.png","width":150,"height":108},"usages":["6335154"]},{"id":"user-image-cert7.png","fileName":"cert7.png","name":"cert7","publicUrl":"https://assets.nicepagecdn.com/22b363b7/6335153/images/cert7.png","size":161938,"hash":"60y2nxNmPIKDwVF15T/fBnpF4Y0=","width":1102,"height":735,"folderId":null,"thumbnail":{"url":"https://assets.nicepagecdn.com/22b363b7/6335153/images/thumbnails/cert7.png","width":150,"height":100},"usages":["6335154"]},{"id":"user-image-cert1.png","fileName":"cert1.png","name":"cert1","publicUrl":"https://assets.nicepagecdn.com/22b363b7/6335153/images/cert1.png","size":443482,"hash":"kebVKbvwa8ZXNuMvRsX8xIJZX1Q=","width":809,"height":624,"folderId":null,"thumbnail":{"url":"https://assets.nicepagecdn.com/22b363b7/6335153/images/thumbnails/cert1.png","width":150,"height":116},"usages":["6335154"]},{"id":"user-image-cert6.png","fileName":"cert6.png","name":"cert6","publicUrl":"https://assets.nicepagecdn.com/22b363b7/6335153/images/cert6.png","size":263217,"hash":"+b3KtZCtm5n4cRD+NpBDNDPCV/U=","width":761,"height":628,"folderId":null,"thumbnail":{"url":"https://assets.nicepagecdn.com/22b363b7/6335153/images/thumbnails/cert6.png","width":150,"height":124},"usages":["6335154"]},{"id":"user-image-cert5.png","fileName":"cert5.png","name":"cert5","publicUrl":"https://assets.nicepagecdn.com/22b363b7/6335153/images/cert5.png","size":139542,"hash":"xuDoiKk9LYY6AkEV2HEymcTknn4=","width":973,"height":659,"folderId":null,"thumbnail":{"url":"https://assets.nicepagecdn.com/22b363b7/6335153/images/thumbnails/cert5.png","width":150,"height":102},"usages":["6335154"]},{"id":"user-image-cert3.png","fileName":"cert3.png","name":"cert3","publicUrl":"https://assets.nicepagecdn.com/22b363b7/6335153/images/cert3.png","size":206616,"hash":"5DIOh6vNTteXMfRv0tcyiWDh0ss=","width":981,"height":622,"folderId":null,"thumbnail":{"url":"https://assets.nicepagecdn.com/22b363b7/6335153/images/thumbnails/cert3.png","width":150,"height":95},"usages":["6335154"]},{"id":"user-image-cert8.png","fileName":"cert8.png","name":"cert8","publicUrl":"https://assets.nicepagecdn.com/22b363b7/6335153/images/cert8.png","size":145096,"hash":"J6Y62XU/bIcUcgXS+UOFKid0i2w=","width":974,"height":649,"folderId":null,"thumbnail":{"url":"https://assets.nicepagecdn.com/22b363b7/6335153/images/thumbnails/cert8.png","width":150,"height":100},"usages":["6335154"]},{"id":"user-image-luwi.jfif","fileName":"luwi.jfif","name":"luwi","publicUrl":"https://assets.nicepagecdn.com/22b363b7/6335153/images/luwi.jfif","size":7637,"hash":"wkB1s8iItgE7+gL68bjj4ZlReQ8=","width":200,"height":200,"folderId":null,"thumbnail":{"url":"https://assets.nicepagecdn.com/22b363b7/6335153/images/thumbnails/luwi.jfif","width":150,"height":150},"usages":["6335154"]},{"id":"user-image-josh.jfif","fileName":"josh.jfif","name":"josh","publicUrl":"https://assets.nicepagecdn.com/22b363b7/6335153/images/josh.jfif","size":6699,"hash":"69CU8QE9oO70F9RP9QOeG2KqFr4=","width":200,"height":200,"folderId":null,"thumbnail":{"url":"https://assets.nicepagecdn.com/22b363b7/6335153/images/thumbnails/josh.jfif","width":150,"height":150},"usages":["6335154"]},{"id":"user-image-sean.jfif","fileName":"sean.jfif","name":"sean","publicUrl":"https://assets.nicepagecdn.com/22b363b7/6335153/images/sean.jfif","size":6782,"hash":"9LRXQs1swy76FFb95EDWOeLQTr0=","width":200,"height":200,"folderId":null,"thumbnail":{"url":"https://assets.nicepagecdn.com/22b363b7/6335153/images/thumbnails/sean.jfif","width":150,"height":150},"usages":["6335154"]},{"id":"user-image-ProfileImage.jpg","fileName":"ProfileImage.jpg","name":"ProfileImage","publicUrl":"https://assets.nicepagecdn.com/22b363b7/6335153/images/ProfileImage.jpg","size":13880,"hash":"OfzE1Rn8O3494NQwUzb/XzWW0lw=","width":403,"height":403,"folderId":null,"thumbnail":{"url":"https://assets.nicepagecdn.com/22b363b7/6335153/images/thumbnails/ProfileImage.jpg","width":150,"height":150},"usages":["6335154"]},{"id":"user-image-html.png","fileName":"html.png","name":"html","publicUrl":"https://assets.nicepagecdn.com/22b363b7/6335153/images/html.png","size":196834,"hash":"48oQYEml7HWwoB3kvLddCDTWg4w=","width":1920,"height":1920,"folderId":null,"thumbnail":{"url":"https://assets.nicepagecdn.com/22b363b7/6335153/images/thumbnails/html.png","width":150,"height":150},"usages":[]},{"id":"user-image-11230593.png","fileName":"11230593.png","name":"11230593","publicUrl":"https://assets.nicepagecdn.com/22b363b7/6335153/images/11230593.png","size":4041,"hash":"X2d2BB5IFoGNQNaAcOTRIqJMVt0=","width":128,"height":128,"folderId":null,"thumbnail":{"url":"https://assets.nicepagecdn.com/22b363b7/6335153/images/11230593.png","width":128,"height":128},"usages":[]},{"id":"user-image-919827.png","fileName":"919827.png","name":"919827","publicUrl":"https://assets.nicepagecdn.com/22b363b7/6335153/images/919827.png","size":5240,"hash":"nysnUk78LUROs4K3R783Mzhnkgg=","width":128,"height":128,"folderId":null,"thumbnail":{"url":"https://assets.nicepagecdn.com/22b363b7/6335153/images/919827.png","width":128,"height":128},"usages":[]},{"id":"user-image-919854.png","fileName":"919854.png","name":"919854","publicUrl":"https://assets.nicepagecdn.com/22b363b7/6335153/images/919854.png","size":7939,"hash":"D5C9DcB23wJfjuqpqcJA+G5jFtY=","width":128,"height":128,"folderId":null,"thumbnail":{"url":"https://assets.nicepagecdn.com/22b363b7/6335153/images/919854.png","width":128,"height":128},"usages":[]},{"id":"user-image-7aUpg+gQN4ShomHHBZsR9xap2pZveklHopiwaZJhvTDiWs9mobF2eeGESuI3NFVLfiTrcEuYAuFpjVZEU=.jpeg","fileName":"7aUpg+gQN4ShomHHBZsR9xap2pZveklHopiwaZJhvTDiWs9mobF2eeGESuI3NFVLfiTrcEuYAuFpjVZEU=.jpeg","name":"7aUpg+gQN4ShomHHBZsR9xap2pZveklHopiwaZJhvTDiWs9mobF2eeGESuI3NFVLfiTrcEuYAuFpjVZEU=","publicUrl":"https://assets.nicepagecdn.com/22b363b7/6335153/images/7aUpg+gQN4ShomHHBZsR9xap2pZveklHopiwaZJhvTDiWs9mobF2eeGESuI3NFVLfiTrcEuYAuFpjVZEU=.jpeg","size":513738,"hash":"hXOouXdjlB1Q+tIifDjO5FSzAoU=","width":2000,"height":1000,"folderId":null,"thumbnail":{"url":"https://assets.nicepagecdn.com/22b363b7/6335153/images/thumbnails/7aUpg+gQN4ShomHHBZsR9xap2pZveklHopiwaZJhvTDiWs9mobF2eeGESuI3NFVLfiTrcEuYAuFpjVZEU=.jpeg","width":150,"height":75},"usages":[]}]