[{"id":6335154,"title":"Home 1","order":null,"templateKey":null,"customTemplate":false,"customTemplateFilename":null,"pageLinks":[],"dateCreated":"2024-09-05T13:01:17.89","dateUpdated":"2024-09-07T02:13:14.877Z","folderId":null,"pageName":"Home 1_6335154","sectionCount":8,"status":2},{"id":657740,"title":"Blog Template","order":1,"templateKey":"blog","customTemplate":false,"customTemplateFilename":null,"pageLinks":[],"dateCreated":"2024-09-05T14:02:32.914Z","dateUpdated":"2024-09-05T14:02:33.844Z","folderId":null,"pageName":"Blog Template","sectionCount":1,"status":2},{"id":60706711,"title":"Post Template","order":2,"templateKey":"post","customTemplate":false,"customTemplateFilename":null,"pageLinks":[],"dateCreated":"2024-09-05T14:02:33.076Z","dateUpdated":"2024-09-05T14:02:33.850Z","folderId":null,"pageName":"Post Template","sectionCount":1,"status":2},{"id":55945571,"title":"Product List Template","order":3,"templateKey":"products","customTemplate":false,"customTemplateFilename":null,"pageLinks":[],"dateCreated":"2024-09-05T14:02:33.210Z","dateUpdated":"2024-09-05T14:02:33.850Z","folderId":null,"pageName":"Product List Template","sectionCount":1,"status":2},{"id":64419230,"title":"Product Details Template","order":4,"templateKey":"product","customTemplate":false,"customTemplateFilename":null,"pageLinks":[],"dateCreated":"2024-09-05T14:02:33.335Z","dateUpdated":"2024-09-05T14:02:33.851Z","folderId":null,"pageName":"Product Details Template","sectionCount":1,"status":2},{"id":235540794,"title":"Shopping Cart Template","order":5,"templateKey":"cart","customTemplate":false,"customTemplateFilename":null,"pageLinks":[],"dateCreated":"2024-09-05T14:02:33.454Z","dateUpdated":"2024-09-05T14:02:33.851Z","folderId":null,"pageName":"Shopping Cart Template","sectionCount":1,"status":2},{"id":56322805,"title":"Login Template","order":7,"templateKey":"login","customTemplate":false,"customTemplateFilename":null,"pageLinks":[],"dateCreated":"2024-09-05T14:02:33.586Z","dateUpdated":"2024-09-05T14:02:33.852Z","folderId":null,"pageName":"Login Template","sectionCount":1,"status":2},{"id":48161758,"title":"Password Template","order":8,"templateKey":"password","customTemplate":false,"customTemplateFilename":null,"pageLinks":[],"dateCreated":"2024-09-05T14:02:33.660Z","dateUpdated":"2024-09-05T14:02:33.852Z","folderId":null,"pageName":"Password Template","sectionCount":1,"status":2},{"id":468711628,"title":"404 Not Found Template","order":9,"templateKey":"404","customTemplate":false,"customTemplateFilename":null,"pageLinks":[],"dateCreated":"2024-09-05T14:02:33.726Z","dateUpdated":"2024-09-05T14:02:33.852Z","folderId":null,"pageName":"404 Not Found Template","sectionCount":1,"status":2},{"id":462604170,"title":"Thank You Template","order":10,"templateKey":"ThankYou","customTemplate":false,"customTemplateFilename":null,"pageLinks":[],"dateCreated":"2024-09-05T14:02:33.778Z","dateUpdated":"2024-09-05T14:02:33.852Z","folderId":null,"pageName":"Thank You Template","sectionCount":1,"status":2}]